m-sci2-1-u0m0s0	물질의 특성 > 물질의 특성(1) > 물질의 특성	물질의 특성
m-sci2-1-u0m0s1	물질의 특성 > 물질의 특성(1) > 밀도	밀도
m-sci2-1-u0m1s0	물질의 특성 > 물질의 특성(2) > 용해도	용해와 용액, 용해도 | 고체의 용해도 | 기체의 용해도
m-sci2-1-u0m1s1	물질의 특성 > 물질의 특성(2) > 녹는점과 끓는점	녹는점과 끓는점
m-sci2-1-u0m2s0	물질의 특성 > 혼합물의 분리(1) > 순물질과 혼합물	순물질과 혼합물 | 순물질과 혼합물의 분류
m-sci2-1-u0m2s1	물질의 특성 > 혼합물의 분리(1) > 혼합물의 분리	액체 혼합물의 분리 | 고체 혼합물의 분리
m-sci2-1-u0m3s0	물질의 특성 > 혼합물의 분리(2) > 혼합물의 분리	용해도 차를 이용한 분리 | 끓는점, 녹는점 차이를 이용한 분리 | 여러 가지 혼합물의 분리
m-sci2-1-u1m0s0	지권의 변화 > 지권의 구성 > 지구계	지구계의 정의와 구성요소
m-sci2-1-u1m0s1	지권의 변화 > 지권의 구성 > 지권의 구조	지구 내부 조사 방법 | 지권의 층상구조
m-sci2-1-u1m0s2	지권의 변화 > 지권의 구성 > 지각을 구성하는 광물	지각을 구성하는 암석의 종류 | 광물의 특성
m-sci2-1-u1m1s0	지권의 변화 > 암석의 종류와 순환 > 암석의 종류	암석의 분류 | 화성암 | 퇴적암 | 변성암
m-sci2-1-u1m1s1	지권의 변화 > 암석의 종류와 순환 > 암석의 순환	암석의 순환 | 암석의 풍화 | 토양
m-sci2-1-u1m2s0	지권의 변화 > 대륙 이동과 판의경계 > 대륙 이동과 판의 경계	대륙이동설 | 판의 이동과 경계 | 화산대와 지진대
m-sci2-1-u2m0s0	빛과 파동 > 물체를 보는 과정과 상 > 물체를 보는 과정	물체를 보는 과정 | 빛의 반사와 굴절
m-sci2-1-u2m0s1	빛과 파동 > 물체를 보는 과정과 상 > 물체의 상	평면 거울에 생기는 상 | 구면 거울에 의한 상 | 렌즈에 의한 상
m-sci2-1-u2m1s0	빛과 파동 > 물체의 색과 빛의 합성 > 물체의 색과 빛의 합성	물체의 색 | 빛의 합성
m-sci2-1-u2m2s0	빛과 파동 > 파동과 소리 > 파동	파동의 발생과 전달 | 파동의 요소와 그래프
m-sci2-1-u2m2s1	빛과 파동 > 파동과 소리 > 소리	소리의 전달 | 소리의 특성
m-sci2-1-u3m0s0	물질의 구성 > 원소와 화합물 > 원소와 화합물	원소와 화합물 | 원소 기호와 화학식 | 원자의 구조와 원자모형
m-sci2-1-u3m0s1	물질의 구성 > 원소와 화합물 > 주기율표	주기율표 | 1족 원소의 성질(수소제외) | 18족 원소의 성질
m-sci2-1-u3m1s0	물질의 구성 > 물질의 구성 입자 > 물질을 이루는 입자	원자와 분자
m-sci2-1-u3m1s1	물질의 구성 > 물질의 구성 입자 > 전하를 띠는 이온	이온 | 이온의 이름과 화학식 | 이온의 전하 확인
