m3-2-2015-u0m0s0	삼각비 > 삼각비 > 삼각비	삼각비의 값 | 삼각비가 주어진 경우의 삼각형의 변의 길이 | 한 삼각비가 주어진 경우의 다른 삼각비의 값 | 직각삼각형의 닮음과 삼각비(1) | 직각삼각형의 닮음과 삼각비(2) | 직선의 방정식과 삼각비의 값 | 평면도형에서의 삼각비의 값 | 입체도형에서의 삼각비의 값 | 원에서의 삼각비의 값
m3-2-2015-u0m0s1	삼각비 > 삼각비 > 특수한 각의 삼각비	특수한 각(30˚, 45˚, 60˚)의 삼각비의 값 | 특수한 각의 삼각비를 이용하여 각의 크기 구하기 | 특수한 각의 삼각비를 이용하여 변의 길이 구하기 | 특수한 각의 삼각비를 이용하여 입체도형에서의 삼각비의 값 구하기 | 특수한 각의 삼각비를 이용하여 다른 삼각비의 값 구하기 | 직선의 기울기와 삼각비의 값 | 특수한 각의 삼각비의 도형에의 활용
m3-2-2015-u0m0s2	삼각비 > 삼각비 > 예각의 삼각비의 값	사분원을 이용한 삼각비의 값 | 특수한 각(0˚, 90˚)의 삼각비의 값 | 삼각비의 값의 대소 관계 | 삼각비의 값의 대소 관계를 이용한 식의 계산 | 삼각비의 표(1); 삼각비의 값 | 삼각비의 표(2); 각의 크기 | 삼각비의 표(3); 변의 길이
m3-2-2015-u0m1s0	삼각비 > 삼각비의 활용 > 삼각비의 활용(1); 길이	직각삼각형의 변의 길이 | 입체도형에서 직각삼각형의 변의 길이의 활용 | 실생활에서 직각삼각형의 변의 길이 | 실생활에서 직각삼각형의 변의 길이의 활용 | 일반 삼각형의 변의 길이(1); 두 변의 길이와 그 끼인각의 크기를 알 때 | 일반 삼각형의 변의 길이(2); 한 변의 길이와 그 양 끝 각의 크기를 알 때 | 예각삼각형의 높이 | 둔각삼각형의 높이
m3-2-2015-u0m1s1	삼각비 > 삼각비의 활용 > 삼각비의 활용(2); 넓이	예각삼각형의 넓이 | 둔각삼각형의 넓이 | 다각형의 넓이 | 정다각형의 넓이 | 평행사변형의 넓이 | 사각형의 넓이 | 삼각비 사이의 관계
m3-2-2015-u1m0s0	원의 성질 > 원과 직선 > 원의 현	중심각의 크기와 현의 길이 | 중심각의 크기와 호의 길이 | 원의 중심과 현의 수직이등분선(1) | 원의 중심과 현의 수직이등분선(2) | 원의 중심과 현의 수직이등분선(3); 활꼴 | 원의 중심과 현의 수직이등분선(4); 원을 접은 경우 | 현의 길이(1); 중심에서 같은 거리의 두 현 | 현의 길이(2); 내접하는 이등변삼각형 | 공통현
m3-2-2015-u1m0s1	원의 성질 > 원과 직선 > 원의 접선(1)	원의 접선과 반지름 | 원의 접선의 성질(1) | 원의 접선의 성질(2); 길이 | 원의 접선의 성질(3); 넓이 | 원의 접선의 성질의 활용 | 반원에서의 접선 | 원의 접선과 반지름; 동심원
m3-2-2015-u1m0s2	원의 성질 > 원과 직선 > 원의 접선(2)	삼각형의 내접원 | 직각삼각형의 내접원 | 원에 외접하는 사각형의 성질(1) | 원에 외접하는 사각형의 성질(2); 한 내각이 90˚인 경우 | 원에 외접하는 사각형의 성질의 활용(1); 직사각형 | 원에 외접하는 사각형의 성질의 활용(2); 그 외 | 히포크라테스의 원의 넓이 | 공통접선 | 삼각형의 방심
m3-2-2015-u1m1s0	원의 성질 > 원주각 > 원주각	원주각과 중심각의 크기(1) | 원주각과 중심각의 크기(2) | 원주각과 중심각의 크기(3) | 원주각의 성질(1); 한 호 | 원주각의 성질(2); 반원 | 원주각과 삼각비의 값(1) | 원주각과 삼각비의 값(2); 선분의 길이, 넓이 | 원주각의 크기와 호의 길이(1) | 원주각의 크기와 호의 길이(2) | 원주각의 크기와 호의 길이(3)
m3-2-2015-u1m1s1	원의 성질 > 원주각 > 원에 내접하는 사각형	네 점이 한 원에 있기 위한 조건 | 원에 내접하는 사각형의 성질(1) | 원에 내접하는 사각형의 성질(2) | 원에 내접하는 사각형과 외각의 성질 | 원에 내접하는 다각형 | 두 원에서 내접하는 사각형의 성질의 활용 | 원에 내접하는 사각형 | 사각형이 원에 내접하기 위한 조건
m3-2-2015-u1m2s0	원의 성질 > 원주각의 활용 > 원의 접선과 현이 이루는 각	접선과 현이 이루는 각; 원주각 | 접선과 현이 이루는 각; 중심각 | 접선과 현이 이루는 각의 활용(1); 현이 중심을 지나지 않는 경우 | 접선과 현이 이루는 각의 활용(2); 현이 중심을 지나는 경우 | 접선과 현이 이루는 각의 활용(3); 한 점에서 원에 그은 두 접선 | 두 원에서 접선과 현이 이루는 각(1) | 두 원에서 접선과 현이 이루는 각(2); 한 원이 다른 원의 내부에 있는 경우 | 원에서의 비례 관계(1) | 할선과 접선 사이의 관계 | 원에서의 비례 관계(2) | 구에 내접 또는 외접하는 도형
m3-2-2015-u2m0s0	통계 > 대푯값과 산포도 > 대푯값	평균의 뜻과 성질(1) | 평균의 뜻과 성질(2); 자료의 값의 개수가 증가하거나 감소하는 경우 | 중앙값의 뜻과 성질 | 최빈값의 뜻과 성질 | 여러 가지 자료에서의 대푯값 | 대푯값을 이용하여 변량 구하기(1); 평균이 주어진 경우 | 대푯값을 이용하여 변량 구하기(2); 중앙값이 주어진 경우 | 대푯값을 이용하여 변량 구하기(3); 최빈값이 주어진 경우 | 적절한 대푯값 찾기
m3-2-2015-u2m0s1	통계 > 대푯값과 산포도 > 산포도	편차의 뜻과 성질 | 편차를 이용하여 변량 구하기 | 분산과 표준편차(1) | 분산과 표준편차(2); 자료가 일부 주어지지 않은 경우 | 대푯값과 산포도의 이해 | 평균과 분산을 이용하여 식의 값 구하기 | 변화된 변량의 평균과 표준편차 | 도수분포표에서의 평균, 분산과 표준편차 | 히스토그램에서의 평균, 분산과 표준편차 | 두 집단 전체의 평균 | 두 집단 전체의 분산과 표준편차 | 표준편차의 직관적 비교 | 자료의 분석
m3-2-2015-u2m1s0	통계 > 상관관계 > 산점도와 상관관계	산점도 | 산점도의 응용 | 산점도와 상관관계(1) | 산점도와 상관관계(2); 변량을 추가하거나 삭제한 경우 | 산점도와 상관관계의 이해 | 상관표
